created_at,entry_id,field2
2020-02-18 16:54:07 UTC,421,3
2020-02-19 16:54:07 UTC,494,0
2020-02-20 16:54:07 UTC,899,3
2020-02-21 16:54:07 UTC,176,13
2020-02-22 16:54:07 UTC,231,10
2020-02-23 16:54:07 UTC,756,3
2020-02-24 16:54:07 UTC,939,18
2020-02-25 16:54:07 UTC,218,3
2020-02-26 16:54:07 UTC,794,10
2020-02-27 16:54:07 UTC,340,3
2020-02-28 16:54:07 UTC,877,0
2020-02-29 16:54:07 UTC,669,7
2020-03-01 16:54:07 UTC,157,15
2020-03-02 16:54:07 UTC,826,6
2020-03-03 16:54:07 UTC,168,1
2020-03-04 16:54:07 UTC,366,7
2020-03-05 16:54:07 UTC,146,6
2020-03-06 16:54:07 UTC,893,18
2020-03-07 16:54:07 UTC,738,4
2020-03-08 16:54:07 UTC,740,17
2020-03-09 16:54:07 UTC,766,2
2020-03-10 16:54:07 UTC,801,10
2020-03-11 16:54:07 UTC,190,16
2020-03-12 16:54:07 UTC,166,9
2020-03-13 16:54:07 UTC,863,15
2020-03-14 16:54:07 UTC,624,4
2020-03-15 16:54:07 UTC,619,18
2020-03-16 16:54:07 UTC,858,9
2020-03-17 16:54:07 UTC,276,14
2020-03-18 16:54:07 UTC,899,18
2020-03-19 16:54:07 UTC,652,20
2020-03-20 16:54:07 UTC,112,13
2020-03-21 16:54:07 UTC,227,1
2020-03-22 16:54:07 UTC,856,14
2020-03-23 16:54:07 UTC,698,14
2020-03-24 16:54:07 UTC,762,9
2020-03-25 16:54:07 UTC,538,9
2020-03-26 16:54:07 UTC,154,14
2020-03-27 16:54:07 UTC,833,1
2020-03-28 16:54:07 UTC,834,5
2020-03-29 16:54:07 UTC,309,13
2020-03-30 16:54:07 UTC,485,4
2020-03-31 16:54:07 UTC,976,5
2020-04-01 16:54:07 UTC,297,2
2020-04-02 16:54:07 UTC,668,4
2020-04-03 16:54:07 UTC,145,3
2020-04-04 16:54:07 UTC,689,10
2020-04-05 16:54:07 UTC,941,19
2020-04-06 16:54:07 UTC,625,2
2020-04-07 16:54:07 UTC,273,5
2020-04-08 16:54:07 UTC,162,1
2020-04-09 16:54:07 UTC,271,8
2020-04-10 16:54:07 UTC,287,2
2020-04-11 16:54:07 UTC,428,6
2020-04-12 16:54:07 UTC,379,10
2020-04-13 16:54:07 UTC,619,5
2020-04-14 16:54:07 UTC,200,4
2020-04-15 16:54:07 UTC,359,3
2020-04-16 16:54:07 UTC,309,14
2020-04-17 16:54:07 UTC,795,3
2020-04-18 16:54:07 UTC,148,9
2020-04-19 16:54:07 UTC,679,2
2020-04-20 16:54:07 UTC,972,9
2020-04-21 16:54:07 UTC,814,19
2020-04-22 16:54:07 UTC,593,0
2020-04-23 16:54:07 UTC,365,19
2020-04-24 16:54:07 UTC,220,6
2020-04-25 16:54:07 UTC,309,17
2020-04-26 16:54:07 UTC,801,2
2020-04-27 16:54:07 UTC,578,17
2020-04-28 16:54:07 UTC,669,14
2020-04-29 16:54:07 UTC,306,12
2020-04-30 16:54:07 UTC,447,0
2020-05-01 16:54:07 UTC,712,9
2020-05-02 16:54:07 UTC,732,18
2020-05-03 16:54:07 UTC,420,6
2020-05-04 16:54:07 UTC,321,12
2020-05-05 16:54:07 UTC,310,15
2020-05-06 16:54:07 UTC,202,9
2020-05-07 16:54:07 UTC,630,17
2020-05-08 16:54:07 UTC,328,5
2020-05-09 16:54:07 UTC,371,10
2020-05-10 16:54:07 UTC,631,7
2020-05-11 16:54:07 UTC,910,3
2020-05-12 16:54:07 UTC,118,8
2020-05-13 16:54:07 UTC,455,7
2020-05-14 16:54:07 UTC,461,15
2020-05-15 16:54:07 UTC,310,12
2020-05-16 16:54:07 UTC,420,9
2020-05-17 16:54:07 UTC,154,7
2020-05-18 16:54:07 UTC,615,15
2020-05-19 16:54:07 UTC,148,4
2020-05-20 16:54:07 UTC,347,14
2020-05-21 16:54:07 UTC,809,2
2020-05-22 16:54:07 UTC,246,1
2020-05-23 16:54:07 UTC,565,20
2020-05-24 16:54:07 UTC,772,11
2020-05-25 16:54:07 UTC,930,7
2020-05-26 16:54:07 UTC,594,7
2020-05-27 16:54:07 UTC,692,14
2020-05-28 16:54:07 UTC,542,19
2020-05-29 16:54:07 UTC,343,20
2020-05-30 16:54:07 UTC,106,8
2020-05-31 16:54:07 UTC,748,15
2020-06-01 16:54:07 UTC,817,2
2020-06-02 16:54:07 UTC,101,3
2020-06-03 16:54:07 UTC,249,18
2020-06-04 16:54:07 UTC,414,19
2020-06-05 16:54:07 UTC,164,11
2020-06-06 16:54:07 UTC,179,0
2020-06-07 16:54:07 UTC,156,4
2020-06-08 16:54:07 UTC,114,18
2020-06-09 16:54:07 UTC,459,2
2020-06-10 16:54:07 UTC,141,13
2020-06-11 16:54:07 UTC,321,1
2020-06-12 16:54:07 UTC,413,16
2020-06-13 16:54:07 UTC,307,4
2020-06-14 16:54:07 UTC,518,15
2020-06-15 16:54:07 UTC,910,8
2020-06-16 16:54:07 UTC,624,12
2020-06-17 16:54:07 UTC,388,19
2020-06-18 16:54:07 UTC,540,19
2020-06-19 16:54:07 UTC,921,9
2020-06-20 16:54:07 UTC,991,5
2020-06-21 16:54:07 UTC,580,8
2020-06-22 16:54:07 UTC,507,6
2020-06-23 16:54:07 UTC,750,11
2020-06-24 16:54:07 UTC,881,13
2020-06-25 16:54:07 UTC,678,8
2020-06-26 16:54:07 UTC,156,14
2020-06-27 16:54:07 UTC,212,13
2020-06-28 16:54:07 UTC,417,19
2020-06-29 16:54:07 UTC,939,8
2020-06-30 16:54:07 UTC,133,19
2020-07-01 16:54:07 UTC,775,5
2020-07-02 16:54:07 UTC,206,7
2020-07-03 16:54:07 UTC,422,4
2020-07-04 16:54:07 UTC,536,17
2020-07-05 16:54:07 UTC,440,0
2020-07-06 16:54:07 UTC,582,17
2020-07-07 16:54:07 UTC,395,13
2020-07-08 16:54:07 UTC,431,6
2020-07-09 16:54:07 UTC,461,17
2020-07-10 16:54:07 UTC,201,19
2020-07-11 16:54:07 UTC,997,16
2020-07-12 16:54:07 UTC,366,5
2020-07-13 16:54:07 UTC,632,9
2020-07-14 16:54:07 UTC,725,1
2020-07-15 16:54:07 UTC,766,13
2020-07-16 16:54:07 UTC,603,4
2020-07-17 16:54:07 UTC,844,0
2020-07-18 16:54:07 UTC,982,20
2020-07-19 16:54:07 UTC,445,18
2020-07-20 16:54:07 UTC,273,17
2020-07-21 16:54:07 UTC,193,5
2020-07-22 16:54:07 UTC,510,17
2020-07-23 16:54:07 UTC,438,10
2020-07-24 16:54:07 UTC,531,2
2020-07-25 16:54:07 UTC,758,1
2020-07-26 16:54:07 UTC,486,3
2020-07-27 16:54:07 UTC,695,8
2020-07-28 16:54:07 UTC,511,17
2020-07-29 16:54:07 UTC,234,14
2020-07-30 16:54:07 UTC,250,6
2020-07-31 16:54:07 UTC,935,6
2020-08-01 16:54:07 UTC,875,8
2020-08-02 16:54:07 UTC,413,13
2020-08-03 16:54:07 UTC,703,8
2020-08-04 16:54:07 UTC,169,2
2020-08-05 16:54:07 UTC,201,8
2020-08-06 16:54:07 UTC,544,15
2020-08-07 16:54:07 UTC,664,7
2020-08-08 16:54:07 UTC,771,0
2020-08-09 16:54:07 UTC,374,12
2020-08-10 16:54:07 UTC,224,19
2020-08-11 16:54:07 UTC,539,4
2020-08-12 16:54:07 UTC,887,0
2020-08-13 16:54:07 UTC,552,13
2020-08-14 16:54:07 UTC,497,15
2020-08-15 16:54:07 UTC,268,14
2020-08-16 16:54:07 UTC,468,18
2020-08-17 16:54:07 UTC,837,10
2020-08-18 16:54:07 UTC,438,11
2020-08-19 16:54:07 UTC,146,9
2020-08-20 16:54:07 UTC,976,1
2020-08-21 16:54:07 UTC,713,7
2020-08-22 16:54:07 UTC,901,16
2020-08-23 16:54:07 UTC,474,16
2020-08-24 16:54:07 UTC,278,3
2020-08-25 16:54:07 UTC,739,6
2020-08-26 16:54:07 UTC,477,20
2020-08-27 16:54:07 UTC,368,2
2020-08-28 16:54:07 UTC,819,2
2020-08-29 16:54:07 UTC,322,20
2020-08-30 16:54:07 UTC,280,6
2020-08-31 16:54:07 UTC,225,5
2020-09-01 16:54:07 UTC,604,20
2020-09-02 16:54:07 UTC,264,5
2020-09-03 16:54:07 UTC,257,17
2020-09-04 16:54:07 UTC,972,8
2020-09-05 16:54:07 UTC,777,4
2020-09-06 16:54:07 UTC,255,11
2020-09-07 16:54:07 UTC,859,18
2020-09-08 16:54:07 UTC,381,5
2020-09-09 16:54:07 UTC,227,11
2020-09-10 16:54:07 UTC,694,12
2020-09-11 16:54:07 UTC,784,4
2020-09-12 16:54:07 UTC,825,16
2020-09-13 16:54:07 UTC,588,13
2020-09-14 16:54:07 UTC,508,13
2020-09-15 16:54:07 UTC,122,3
2020-09-16 16:54:07 UTC,107,16
2020-09-17 16:54:07 UTC,831,8
2020-09-18 16:54:07 UTC,760,16
2020-09-19 16:54:07 UTC,284,15
2020-09-20 16:54:07 UTC,618,6
2020-09-21 16:54:07 UTC,697,7
2020-09-22 16:54:07 UTC,719,8
2020-09-23 16:54:07 UTC,284,10
2020-09-24 16:54:07 UTC,377,3
2020-09-25 16:54:07 UTC,899,0
2020-09-26 16:54:07 UTC,449,3
2020-09-27 16:54:07 UTC,892,0
2020-09-28 16:54:07 UTC,741,4
2020-09-29 16:54:07 UTC,531,20
2020-09-30 16:54:07 UTC,651,16
2020-10-01 16:54:07 UTC,779,4
2020-10-02 16:54:07 UTC,932,10
2020-10-03 16:54:07 UTC,997,11
2020-10-04 16:54:07 UTC,762,7
2020-10-05 16:54:07 UTC,883,6
2020-10-06 16:54:07 UTC,288,18
2020-10-07 16:54:07 UTC,320,12
2020-10-08 16:54:07 UTC,999,16
2020-10-09 16:54:07 UTC,785,16
2020-10-10 16:54:07 UTC,802,1
2020-10-11 16:54:07 UTC,982,13
2020-10-12 16:54:07 UTC,459,3
2020-10-13 16:54:07 UTC,894,4
2020-10-14 16:54:07 UTC,745,9
2020-10-15 16:54:07 UTC,654,2
2020-10-16 16:54:07 UTC,797,11
2020-10-17 16:54:07 UTC,623,20
2020-10-18 16:54:07 UTC,854,6
2020-10-19 16:54:07 UTC,742,16
2020-10-20 16:54:07 UTC,265,5
2020-10-21 16:54:07 UTC,781,1
2020-10-22 16:54:07 UTC,172,18
2020-10-23 16:54:07 UTC,638,7
2020-10-24 16:54:07 UTC,518,15
2020-10-25 16:54:07 UTC,737,9
2020-10-26 16:54:07 UTC,734,10
2020-10-27 16:54:07 UTC,472,7
2020-10-28 16:54:07 UTC,347,0
2020-10-29 16:54:07 UTC,179,1
2020-10-30 16:54:07 UTC,775,18
2020-10-31 16:54:07 UTC,883,7
2020-11-01 16:54:07 UTC,705,9
2020-11-02 16:54:07 UTC,790,12
2020-11-03 16:54:07 UTC,160,1
2020-11-04 16:54:07 UTC,464,17
2020-11-05 16:54:07 UTC,820,18
2020-11-06 16:54:07 UTC,139,20
2020-11-07 16:54:07 UTC,200,6
2020-11-08 16:54:07 UTC,173,8
2020-11-09 16:54:07 UTC,537,14
2020-11-10 16:54:07 UTC,397,18
2020-11-11 16:54:07 UTC,975,5
2020-11-12 16:54:07 UTC,615,12
2020-11-13 16:54:07 UTC,777,17
2020-11-14 16:54:07 UTC,874,4
2020-11-15 16:54:07 UTC,143,13
2020-11-16 16:54:07 UTC,347,12
2020-11-17 16:54:07 UTC,286,6
2020-11-18 16:54:07 UTC,114,6
2020-11-19 16:54:07 UTC,844,14
2020-11-20 16:54:07 UTC,739,3
2020-11-21 16:54:07 UTC,580,1
2020-11-22 16:54:07 UTC,394,1
2020-11-23 16:54:07 UTC,878,12
2020-11-24 16:54:07 UTC,986,10
2020-11-25 16:54:07 UTC,778,20
2020-11-26 16:54:07 UTC,891,2
2020-11-27 16:54:07 UTC,263,3
2020-11-28 16:54:07 UTC,509,19
2020-11-29 16:54:07 UTC,478,18
2020-11-30 16:54:07 UTC,423,2
2020-12-01 16:54:07 UTC,158,12
2020-12-02 16:54:07 UTC,918,10
2020-12-03 16:54:07 UTC,802,7
2020-12-04 16:54:07 UTC,283,5
2020-12-05 16:54:07 UTC,205,17
2020-12-06 16:54:07 UTC,567,7
2020-12-07 16:54:07 UTC,111,7
2020-12-08 16:54:07 UTC,917,14
2020-12-09 16:54:07 UTC,132,9
2020-12-10 16:54:07 UTC,275,15
2020-12-11 16:54:07 UTC,452,1
2020-12-12 16:54:07 UTC,242,2
2020-12-13 16:54:07 UTC,835,8
2020-12-14 16:54:07 UTC,117,8
2020-12-15 16:54:07 UTC,142,14
2020-12-16 16:54:07 UTC,761,20
2020-12-17 16:54:07 UTC,776,19
2020-12-18 16:54:07 UTC,980,10
2020-12-19 16:54:07 UTC,584,2
2020-12-20 16:54:07 UTC,103,7
2020-12-21 16:54:07 UTC,196,2
2020-12-22 16:54:07 UTC,453,6
2020-12-23 16:54:07 UTC,523,10
2020-12-24 16:54:07 UTC,230,18
2020-12-25 16:54:07 UTC,597,3
2020-12-26 16:54:07 UTC,422,4
2020-12-27 16:54:07 UTC,755,7
2020-12-28 16:54:07 UTC,332,11
2020-12-29 16:54:07 UTC,429,3
2020-12-30 16:54:07 UTC,833,15
2020-12-31 16:54:07 UTC,613,18
2021-01-01 16:54:07 UTC,374,15
2021-01-02 16:54:07 UTC,748,7
2021-01-03 16:54:07 UTC,267,11
2021-01-04 16:54:07 UTC,110,2
2021-01-05 16:54:07 UTC,547,12
2021-01-06 16:54:07 UTC,167,0
2021-01-07 16:54:07 UTC,576,7
2021-01-08 16:54:07 UTC,944,6
2021-01-09 16:54:07 UTC,984,5
2021-01-10 16:54:07 UTC,824,1
2021-01-11 16:54:07 UTC,214,20
2021-01-12 16:54:07 UTC,258,2
2021-01-13 16:54:07 UTC,655,11
2021-01-14 16:54:07 UTC,735,19
2021-01-15 16:54:07 UTC,417,1
2021-01-16 16:54:07 UTC,600,3
2021-01-17 16:54:07 UTC,470,13
2021-01-18 16:54:07 UTC,708,19
2021-01-19 16:54:07 UTC,241,0
2021-01-20 16:54:07 UTC,430,19
2021-01-21 16:54:07 UTC,955,4
2021-01-22 16:54:07 UTC,689,19
2021-01-23 16:54:07 UTC,436,13
2021-01-24 16:54:07 UTC,118,12
2021-01-25 16:54:07 UTC,891,1
2021-01-26 16:54:07 UTC,869,18
2021-01-27 16:54:07 UTC,773,9
2021-01-28 16:54:07 UTC,276,8
2021-01-29 16:54:07 UTC,753,4
2021-01-30 16:54:07 UTC,932,11
2021-01-31 16:54:07 UTC,381,19
2021-02-01 16:54:07 UTC,809,2
2021-02-02 16:54:07 UTC,569,6
2021-02-03 16:54:07 UTC,319,2
2021-02-04 16:54:07 UTC,653,12
2021-02-05 16:54:07 UTC,457,5
2021-02-06 16:54:07 UTC,488,14
2021-02-07 16:54:07 UTC,729,4
2021-02-08 16:54:07 UTC,900,16
2021-02-09 16:54:07 UTC,948,9
2021-02-10 16:54:07 UTC,680,11
2021-02-11 16:54:07 UTC,937,14
2021-02-12 16:54:07 UTC,517,10
2021-02-13 16:54:07 UTC,730,13
2021-02-14 16:54:07 UTC,530,18
2021-02-15 16:54:07 UTC,921,4
2021-02-16 16:54:07 UTC,872,16
2021-02-17 16:54:07 UTC,419,13
2021-02-18 16:54:07 UTC,770,0
2021-02-19 16:54:07 UTC,496,19
2021-02-20 16:54:07 UTC,335,0
2021-02-21 16:54:07 UTC,313,13
2021-02-22 16:54:07 UTC,210,14
2021-02-23 16:54:07 UTC,758,12
2021-02-24 16:54:07 UTC,204,14
2021-02-25 16:54:07 UTC,569,4
2021-02-26 16:54:07 UTC,543,0
2021-02-27 16:54:07 UTC,188,9
2021-02-28 16:54:07 UTC,129,11
2021-03-01 16:54:07 UTC,976,8
2021-03-02 16:54:07 UTC,730,11
2021-03-03 16:54:07 UTC,172,19
2021-03-04 16:54:07 UTC,246,11
2021-03-05 16:54:07 UTC,797,16
2021-03-06 16:54:07 UTC,125,16
2021-03-07 16:54:07 UTC,498,0
2021-03-08 16:54:07 UTC,571,11
2021-03-09 16:54:07 UTC,557,19
2021-03-10 16:54:07 UTC,300,17
2021-03-11 16:54:07 UTC,933,11
2021-03-12 16:54:07 UTC,620,13
2021-03-13 16:54:07 UTC,116,3
2021-03-14 16:54:07 UTC,745,1
2021-03-15 16:54:07 UTC,909,11
2021-03-16 16:54:07 UTC,330,10
2021-03-17 16:54:07 UTC,183,15
2021-03-18 16:54:07 UTC,290,12
2021-03-19 16:54:07 UTC,669,12
2021-03-20 16:54:07 UTC,477,5
2021-03-21 16:54:07 UTC,449,1
2021-03-22 16:54:07 UTC,204,13
2021-03-23 16:54:07 UTC,582,9
2021-03-24 16:54:07 UTC,292,9
2021-03-25 16:54:07 UTC,341,16
2021-03-26 16:54:07 UTC,670,5
2021-03-27 16:54:07 UTC,858,8
2021-03-28 16:54:07 UTC,526,13
2021-03-29 16:54:07 UTC,234,3
2021-03-30 16:54:07 UTC,869,17
2021-03-31 16:54:07 UTC,517,0
2021-04-01 16:54:07 UTC,856,12
2021-04-02 16:54:07 UTC,749,20
2021-04-03 16:54:07 UTC,212,14
2021-04-04 16:54:07 UTC,241,13
2021-04-05 16:54:07 UTC,583,11
2021-04-06 16:54:07 UTC,669,4
2021-04-07 16:54:07 UTC,112,9
2021-04-08 16:54:07 UTC,955,8
2021-04-09 16:54:07 UTC,449,19
2021-04-10 16:54:07 UTC,266,19
2021-04-11 16:54:07 UTC,977,5
2021-04-12 16:54:07 UTC,483,18
2021-04-13 16:54:07 UTC,246,8
2021-04-14 16:54:07 UTC,898,7
2021-04-15 16:54:07 UTC,461,9
2021-04-16 16:54:07 UTC,508,2
2021-04-17 16:54:07 UTC,752,13
2021-04-18 16:54:07 UTC,460,11
2021-04-19 16:54:07 UTC,975,18
2021-04-20 16:54:07 UTC,107,5
2021-04-21 16:54:07 UTC,543,13
2021-04-22 16:54:07 UTC,559,7
2021-04-23 16:54:07 UTC,816,14
2021-04-24 16:54:07 UTC,614,15
2021-04-25 16:54:07 UTC,144,6
2021-04-26 16:54:07 UTC,857,12
2021-04-27 16:54:07 UTC,657,20
2021-04-28 16:54:07 UTC,926,4
2021-04-29 16:54:07 UTC,158,8
2021-04-30 16:54:07 UTC,996,5
2021-05-01 16:54:07 UTC,290,6
2021-05-02 16:54:07 UTC,713,16
2021-05-03 16:54:07 UTC,319,10
2021-05-04 16:54:07 UTC,171,19
2021-05-05 16:54:07 UTC,671,12
2021-05-06 16:54:07 UTC,676,13
2021-05-07 16:54:07 UTC,275,2
2021-05-08 16:54:07 UTC,823,13
2021-05-09 16:54:07 UTC,276,6
2021-05-10 16:54:07 UTC,771,19
2021-05-11 16:54:07 UTC,748,7
2021-05-12 16:54:07 UTC,891,11
2021-05-13 16:54:07 UTC,987,15
2021-05-14 16:54:07 UTC,323,11
2021-05-15 16:54:07 UTC,773,6
2021-05-16 16:54:07 UTC,172,12
2021-05-17 16:54:07 UTC,144,14
2021-05-18 16:54:07 UTC,894,17
2021-05-19 16:54:07 UTC,387,12
2021-05-20 16:54:07 UTC,273,10
2021-05-21 16:54:07 UTC,633,11
2021-05-22 16:54:07 UTC,756,6
2021-05-23 16:54:07 UTC,577,8
2021-05-24 16:54:07 UTC,357,18
2021-05-25 16:54:07 UTC,775,1
2021-05-26 16:54:07 UTC,677,14
2021-05-27 16:54:07 UTC,984,19
2021-05-28 16:54:07 UTC,614,18
2021-05-29 16:54:07 UTC,567,15
2021-05-30 16:54:07 UTC,214,18
2021-05-31 16:54:07 UTC,378,4
2021-06-01 16:54:07 UTC,648,4
2021-06-02 16:54:07 UTC,291,12
2021-06-03 16:54:07 UTC,432,14
2021-06-04 16:54:07 UTC,764,20
2021-06-05 16:54:07 UTC,303,2
2021-06-06 16:54:07 UTC,341,12
2021-06-07 16:54:07 UTC,964,0
2021-06-08 16:54:07 UTC,628,19
2021-06-09 16:54:07 UTC,308,3
2021-06-10 16:54:07 UTC,458,8
2021-06-11 16:54:07 UTC,911,6
2021-06-12 16:54:07 UTC,739,5
2021-06-13 16:54:07 UTC,357,9
2021-06-14 16:54:07 UTC,106,17
2021-06-15 16:54:07 UTC,914,8
2021-06-16 16:54:07 UTC,439,19
2021-06-17 16:54:07 UTC,669,12
2021-06-18 16:54:07 UTC,650,2
2021-06-19 16:54:07 UTC,696,11
2021-06-20 16:54:07 UTC,195,8
2021-06-21 16:54:07 UTC,158,18
2021-06-22 16:54:07 UTC,225,11
2021-06-23 16:54:07 UTC,350,13
2021-06-24 16:54:07 UTC,183,8
2021-06-25 16:54:07 UTC,240,20
2021-06-26 16:54:07 UTC,960,14
2021-06-27 16:54:07 UTC,748,5
2021-06-28 16:54:07 UTC,661,15
2021-06-29 16:54:07 UTC,448,20
2021-06-30 16:54:07 UTC,214,11
2021-07-01 16:54:07 UTC,769,20
2021-07-02 16:54:07 UTC,312,20
2021-07-03 16:54:07 UTC,813,20
2021-07-04 16:54:07 UTC,653,7
2021-07-05 16:54:07 UTC,831,11
2021-07-06 16:54:07 UTC,686,5
2021-07-07 16:54:07 UTC,642,13
2021-07-08 16:54:07 UTC,975,15
2021-07-09 16:54:07 UTC,426,16
2021-07-10 16:54:07 UTC,886,11
2021-07-11 16:54:07 UTC,257,0
2021-07-12 16:54:07 UTC,442,20
2021-07-13 16:54:07 UTC,844,9
2021-07-14 16:54:07 UTC,260,19
2021-07-15 16:54:07 UTC,989,19
2021-07-16 16:54:07 UTC,142,16
2021-07-17 16:54:07 UTC,183,6
2021-07-18 16:54:07 UTC,821,3
2021-07-19 16:54:07 UTC,529,19
2021-07-20 16:54:07 UTC,585,19
2021-07-21 16:54:07 UTC,207,8
2021-07-22 16:54:07 UTC,464,7
2021-07-23 16:54:07 UTC,988,2
2021-07-24 16:54:07 UTC,723,6
2021-07-25 16:54:07 UTC,589,6
2021-07-26 16:54:07 UTC,212,7
2021-07-27 16:54:07 UTC,708,15
2021-07-28 16:54:07 UTC,172,9
2021-07-29 16:54:07 UTC,915,16
2021-07-30 16:54:07 UTC,536,11
2021-07-31 16:54:07 UTC,644,0
2021-08-01 16:54:07 UTC,670,8
2021-08-02 16:54:07 UTC,915,7
2021-08-03 16:54:07 UTC,286,3
2021-08-04 16:54:07 UTC,621,6
2021-08-05 16:54:07 UTC,609,10
2021-08-06 16:54:07 UTC,713,19
2021-08-07 16:54:07 UTC,254,11
2021-08-08 16:54:07 UTC,196,3
2021-08-09 16:54:07 UTC,222,17
2021-08-10 16:54:07 UTC,117,18
2021-08-11 16:54:07 UTC,923,8
2021-08-12 16:54:07 UTC,709,0
2021-08-13 16:54:07 UTC,827,13
2021-08-14 16:54:07 UTC,744,2
2021-08-15 16:54:07 UTC,916,4
2021-08-16 16:54:07 UTC,711,12
2021-08-17 16:54:07 UTC,193,11
2021-08-18 16:54:07 UTC,133,14
2021-08-19 16:54:07 UTC,912,7
2021-08-20 16:54:07 UTC,775,16
2021-08-21 16:54:07 UTC,490,18
2021-08-22 16:54:07 UTC,272,7
2021-08-23 16:54:07 UTC,325,6
2021-08-24 16:54:07 UTC,990,20
2021-08-25 16:54:07 UTC,616,11
2021-08-26 16:54:07 UTC,408,16
2021-08-27 16:54:07 UTC,338,12
2021-08-28 16:54:07 UTC,967,1
2021-08-29 16:54:07 UTC,409,5
2021-08-30 16:54:07 UTC,936,13
2021-08-31 16:54:07 UTC,836,7
2021-09-01 16:54:07 UTC,410,1
2021-09-02 16:54:07 UTC,550,7
2021-09-03 16:54:07 UTC,889,4
2021-09-04 16:54:07 UTC,885,3
2021-09-05 16:54:07 UTC,385,7
2021-09-06 16:54:07 UTC,188,0
2021-09-07 16:54:07 UTC,550,1
2021-09-08 16:54:07 UTC,733,17
2021-09-09 16:54:07 UTC,389,6
2021-09-10 16:54:07 UTC,686,19
2021-09-11 16:54:07 UTC,772,9
2021-09-12 16:54:07 UTC,571,18
2021-09-13 16:54:07 UTC,179,19
2021-09-14 16:54:07 UTC,688,1
2021-09-15 16:54:07 UTC,247,1
2021-09-16 16:54:07 UTC,388,6
2021-09-17 16:54:07 UTC,956,19
2021-09-18 16:54:07 UTC,872,8
2021-09-19 16:54:07 UTC,800,16
2021-09-20 16:54:07 UTC,130,2
2021-09-21 16:54:07 UTC,171,19
2021-09-22 16:54:07 UTC,528,1
2021-09-23 16:54:07 UTC,305,10
2021-09-24 16:54:07 UTC,768,15
2021-09-25 16:54:07 UTC,179,12
2021-09-26 16:54:07 UTC,504,18
2021-09-27 16:54:07 UTC,832,16
2021-09-28 16:54:07 UTC,896,13
2021-09-29 16:54:07 UTC,521,14
2021-09-30 16:54:07 UTC,196,17
2021-10-01 16:54:07 UTC,118,0
2021-10-02 16:54:07 UTC,906,20
2021-10-03 16:54:07 UTC,276,19
2021-10-04 16:54:07 UTC,185,18
2021-10-05 16:54:07 UTC,325,18
2021-10-06 16:54:07 UTC,691,5
2021-10-07 16:54:07 UTC,861,1
2021-10-08 16:54:07 UTC,958,2
2021-10-09 16:54:07 UTC,801,9
2021-10-10 16:54:07 UTC,275,11
2021-10-11 16:54:07 UTC,707,15
2021-10-12 16:54:07 UTC,816,14
2021-10-13 16:54:07 UTC,853,13
2021-10-14 16:54:07 UTC,868,15
2021-10-15 16:54:07 UTC,379,19
2021-10-16 16:54:07 UTC,942,9
2021-10-17 16:54:07 UTC,303,2
2021-10-18 16:54:07 UTC,789,18
2021-10-19 16:54:07 UTC,498,6
2021-10-20 16:54:07 UTC,122,13
2021-10-21 16:54:07 UTC,404,0
2021-10-22 16:54:07 UTC,473,5
2021-10-23 16:54:07 UTC,804,18
2021-10-24 16:54:07 UTC,613,15
2021-10-25 16:54:07 UTC,898,1
2021-10-26 16:54:07 UTC,191,4
2021-10-27 16:54:07 UTC,132,4
2021-10-28 16:54:07 UTC,661,13
2021-10-29 16:54:07 UTC,188,3
2021-10-30 16:54:07 UTC,154,14
2021-10-31 16:54:07 UTC,189,13
2021-11-01 16:54:07 UTC,620,20
2021-11-02 16:54:07 UTC,489,10
2021-11-03 16:54:07 UTC,399,19
2021-11-04 16:54:07 UTC,265,1
2021-11-05 16:54:07 UTC,824,13
2021-11-06 16:54:07 UTC,865,6
2021-11-07 16:54:07 UTC,808,20
2021-11-08 16:54:07 UTC,380,18
2021-11-09 16:54:07 UTC,542,5
2021-11-10 16:54:07 UTC,342,19
2021-11-11 16:54:07 UTC,172,17
2021-11-12 16:54:07 UTC,139,0
2021-11-13 16:54:07 UTC,159,9
2021-11-14 16:54:07 UTC,895,7
2021-11-15 16:54:07 UTC,162,5
2021-11-16 16:54:07 UTC,535,12
2021-11-17 16:54:07 UTC,899,2
2021-11-18 16:54:07 UTC,347,15
2021-11-19 16:54:07 UTC,997,15
2021-11-20 16:54:07 UTC,427,6
2021-11-21 16:54:07 UTC,257,8
2021-11-22 16:54:07 UTC,862,14
2021-11-23 16:54:07 UTC,160,16
2021-11-24 16:54:07 UTC,828,9
2021-11-25 16:54:07 UTC,136,6
2021-11-26 16:54:07 UTC,766,19
2021-11-27 16:54:07 UTC,755,14
2021-11-28 16:54:07 UTC,325,7
2021-11-29 16:54:07 UTC,286,17
2021-11-30 16:54:07 UTC,315,15
2021-12-01 16:54:07 UTC,515,7
2021-12-02 16:54:07 UTC,677,12
2021-12-03 16:54:07 UTC,982,17
2021-12-04 16:54:07 UTC,464,17
2021-12-05 16:54:07 UTC,863,1
2021-12-06 16:54:07 UTC,537,10
2021-12-07 16:54:07 UTC,597,7
2021-12-08 16:54:07 UTC,159,18
2021-12-09 16:54:07 UTC,848,20
2021-12-10 16:54:07 UTC,755,13
2021-12-11 16:54:07 UTC,133,19
2021-12-12 16:54:07 UTC,469,1
2021-12-13 16:54:07 UTC,204,7
2021-12-14 16:54:07 UTC,526,8
2021-12-15 16:54:07 UTC,986,10
2021-12-16 16:54:07 UTC,149,10
2021-12-17 16:54:07 UTC,434,6
2021-12-18 16:54:07 UTC,223,5
2021-12-19 16:54:07 UTC,366,18
2021-12-20 16:54:07 UTC,487,18
2021-12-21 16:54:07 UTC,139,11
2021-12-22 16:54:07 UTC,988,4
2021-12-23 16:54:07 UTC,681,11
2021-12-24 16:54:07 UTC,908,8
2021-12-25 16:54:07 UTC,358,14
2021-12-26 16:54:07 UTC,658,19
2021-12-27 16:54:07 UTC,269,0
2021-12-28 16:54:07 UTC,802,4
2021-12-29 16:54:07 UTC,846,20
2021-12-30 16:54:07 UTC,937,3
2021-12-31 16:54:07 UTC,479,14
2022-01-01 16:54:07 UTC,435,9
2022-01-02 16:54:07 UTC,114,19
2022-01-03 16:54:07 UTC,254,15
2022-01-04 16:54:07 UTC,852,8
2022-01-05 16:54:07 UTC,495,11
2022-01-06 16:54:07 UTC,562,10
2022-01-07 16:54:07 UTC,414,9
2022-01-08 16:54:07 UTC,150,15
2022-01-09 16:54:07 UTC,977,18
2022-01-10 16:54:07 UTC,334,7
2022-01-11 16:54:07 UTC,512,1
2022-01-12 16:54:07 UTC,901,14
2022-01-13 16:54:07 UTC,975,20
2022-01-14 16:54:07 UTC,638,16
2022-01-15 16:54:07 UTC,211,14
2022-01-16 16:54:07 UTC,517,5
2022-01-17 16:54:07 UTC,932,3
2022-01-18 16:54:07 UTC,929,15
2022-01-19 16:54:07 UTC,351,10
2022-01-20 16:54:07 UTC,797,0
2022-01-21 16:54:07 UTC,429,16
2022-01-22 16:54:07 UTC,136,1
2022-01-23 16:54:07 UTC,541,0
2022-01-24 16:54:07 UTC,453,3
2022-01-25 16:54:07 UTC,578,3
2022-01-26 16:54:07 UTC,276,14
2022-01-27 16:54:07 UTC,569,1
2022-01-28 16:54:07 UTC,506,5
2022-01-29 16:54:07 UTC,747,7
2022-01-30 16:54:07 UTC,634,18
2022-01-31 16:54:07 UTC,325,16
2022-02-01 16:54:07 UTC,147,16
2022-02-02 16:54:07 UTC,703,1
2022-02-03 16:54:07 UTC,749,17
2022-02-04 16:54:07 UTC,689,15
2022-02-05 16:54:07 UTC,678,18
2022-02-06 16:54:07 UTC,872,1
2022-02-07 16:54:07 UTC,191,4
2022-02-08 16:54:07 UTC,693,16
2022-02-09 16:54:07 UTC,451,17
2022-02-10 16:54:07 UTC,136,2
2022-02-11 16:54:07 UTC,948,4
2022-02-12 16:54:07 UTC,891,3
2022-02-13 16:54:07 UTC,350,15
2022-02-14 16:54:07 UTC,782,11
2022-02-15 16:54:07 UTC,967,7
2022-02-16 16:54:07 UTC,534,17
2022-02-17 16:54:07 UTC,457,3
2022-02-18 16:54:07 UTC,627,17
2022-02-19 16:54:07 UTC,259,0
2022-02-20 16:54:07 UTC,212,15
2022-02-21 16:54:07 UTC,186,1
2022-02-22 16:54:07 UTC,181,9
2022-02-23 16:54:07 UTC,558,4
2022-02-24 16:54:07 UTC,451,15
2022-02-25 16:54:07 UTC,327,11
2022-02-26 16:54:07 UTC,190,7
2022-02-27 16:54:07 UTC,915,12
2022-02-28 16:54:07 UTC,327,18
2022-03-01 16:54:07 UTC,464,20
2022-03-02 16:54:07 UTC,991,5
2022-03-03 16:54:07 UTC,561,11
2022-03-04 16:54:07 UTC,930,17
2022-03-05 16:54:07 UTC,189,5
2022-03-06 16:54:07 UTC,949,10
2022-03-07 16:54:07 UTC,121,19
2022-03-08 16:54:07 UTC,784,3
2022-03-09 16:54:07 UTC,326,0
2022-03-10 16:54:07 UTC,318,9
2022-03-11 16:54:07 UTC,289,6
2022-03-12 16:54:07 UTC,532,16
2022-03-13 16:54:07 UTC,759,13
2022-03-14 16:54:07 UTC,822,3
2022-03-15 16:54:07 UTC,974,14
2022-03-16 16:54:07 UTC,945,20
2022-03-17 16:54:07 UTC,446,19
2022-03-18 16:54:07 UTC,962,8
2022-03-19 16:54:07 UTC,524,9
2022-03-20 16:54:07 UTC,970,16
2022-03-21 16:54:07 UTC,548,14
2022-03-22 16:54:07 UTC,987,5
2022-03-23 16:54:07 UTC,170,5
2022-03-24 16:54:07 UTC,191,14
2022-03-25 16:54:07 UTC,289,0
2022-03-26 16:54:07 UTC,387,9
2022-03-27 16:54:07 UTC,875,4
2022-03-28 16:54:07 UTC,915,7
2022-03-29 16:54:07 UTC,533,18
2022-03-30 16:54:07 UTC,153,11
2022-03-31 16:54:07 UTC,445,1
2022-04-01 16:54:07 UTC,805,1
2022-04-02 16:54:07 UTC,706,12
2022-04-03 16:54:07 UTC,259,11
2022-04-04 16:54:07 UTC,213,20
2022-04-05 16:54:07 UTC,204,4
2022-04-06 16:54:07 UTC,274,11
2022-04-07 16:54:07 UTC,285,16
2022-04-08 16:54:07 UTC,788,20
2022-04-09 16:54:07 UTC,988,1
2022-04-10 16:54:07 UTC,840,2
2022-04-11 16:54:07 UTC,329,5
2022-04-12 16:54:07 UTC,959,18
2022-04-13 16:54:07 UTC,354,17
2022-04-14 16:54:07 UTC,590,2
2022-04-15 16:54:07 UTC,325,13
2022-04-16 16:54:07 UTC,823,0
2022-04-17 16:54:07 UTC,459,3
2022-04-18 16:54:07 UTC,813,16
2022-04-19 16:54:07 UTC,839,10
2022-04-20 16:54:07 UTC,803,18
2022-04-21 16:54:07 UTC,814,4
2022-04-22 16:54:07 UTC,497,16
2022-04-23 16:54:07 UTC,222,1
2022-04-24 16:54:07 UTC,248,7
2022-04-25 16:54:07 UTC,256,13
2022-04-26 16:54:07 UTC,583,11
2022-04-27 16:54:07 UTC,485,18
2022-04-28 16:54:07 UTC,773,11
2022-04-29 16:54:07 UTC,983,17
2022-04-30 16:54:07 UTC,648,0
2022-05-01 16:54:07 UTC,198,15
2022-05-02 16:54:07 UTC,443,17
2022-05-03 16:54:07 UTC,955,4
2022-05-04 16:54:07 UTC,617,9
2022-05-05 16:54:07 UTC,705,18
2022-05-06 16:54:07 UTC,482,15
2022-05-07 16:54:07 UTC,469,16
2022-05-08 16:54:07 UTC,113,7
2022-05-09 16:54:07 UTC,394,4
2022-05-10 16:54:07 UTC,443,9
2022-05-11 16:54:07 UTC,428,10
2022-05-12 16:54:07 UTC,272,9
2022-05-13 16:54:07 UTC,802,14
2022-05-14 16:54:07 UTC,762,7
2022-05-15 16:54:07 UTC,701,2
2022-05-16 16:54:07 UTC,744,5
2022-05-17 16:54:07 UTC,666,11
2022-05-18 16:54:07 UTC,859,7
2022-05-19 16:54:07 UTC,824,16
2022-05-20 16:54:07 UTC,591,16
2022-05-21 16:54:07 UTC,479,2
2022-05-22 16:54:07 UTC,564,16
2022-05-23 16:54:07 UTC,267,3
2022-05-24 16:54:07 UTC,210,17
2022-05-25 16:54:07 UTC,749,14
2022-05-26 16:54:07 UTC,989,1
2022-05-27 16:54:07 UTC,421,6
2022-05-28 16:54:07 UTC,516,7
2022-05-29 16:54:07 UTC,113,10
2022-05-30 16:54:07 UTC,361,3
2022-05-31 16:54:07 UTC,625,6
2022-06-01 16:54:07 UTC,549,12
2022-06-02 16:54:07 UTC,306,16
2022-06-03 16:54:07 UTC,224,16
2022-06-04 16:54:07 UTC,307,6
2022-06-05 16:54:07 UTC,419,19
2022-06-06 16:54:07 UTC,211,7
2022-06-07 16:54:07 UTC,936,6
2022-06-08 16:54:07 UTC,583,4
2022-06-09 16:54:07 UTC,796,17
2022-06-10 16:54:07 UTC,236,18
2022-06-11 16:54:07 UTC,301,1
2022-06-12 16:54:07 UTC,726,2
2022-06-13 16:54:07 UTC,402,15
2022-06-14 16:54:07 UTC,623,12
2022-06-15 16:54:07 UTC,316,15
2022-06-16 16:54:07 UTC,570,6
2022-06-17 16:54:07 UTC,225,4
2022-06-18 16:54:07 UTC,639,6
2022-06-19 16:54:07 UTC,436,6
2022-06-20 16:54:07 UTC,936,0
2022-06-21 16:54:07 UTC,737,16
2022-06-22 16:54:07 UTC,316,5
2022-06-23 16:54:07 UTC,855,9
2022-06-24 16:54:07 UTC,694,16
2022-06-25 16:54:07 UTC,640,17
2022-06-26 16:54:07 UTC,304,0
2022-06-27 16:54:07 UTC,336,16
2022-06-28 16:54:07 UTC,484,2
2022-06-29 16:54:07 UTC,824,12
2022-06-30 16:54:07 UTC,511,19
2022-07-01 16:54:07 UTC,902,18
2022-07-02 16:54:07 UTC,811,9
2022-07-03 16:54:07 UTC,236,10
2022-07-04 16:54:07 UTC,434,3
2022-07-05 16:54:07 UTC,560,2
2022-07-06 16:54:07 UTC,187,6
2022-07-07 16:54:07 UTC,962,9
2022-07-08 16:54:07 UTC,715,2
2022-07-09 16:54:07 UTC,462,12
2022-07-10 16:54:07 UTC,552,16
2022-07-11 16:54:07 UTC,851,15
2022-07-12 16:54:07 UTC,508,14
2022-07-13 16:54:07 UTC,397,19
2022-07-14 16:54:07 UTC,373,16
2022-07-15 16:54:07 UTC,167,3
2022-07-16 16:54:07 UTC,906,16
2022-07-17 16:54:07 UTC,446,11
2022-07-18 16:54:07 UTC,928,10
2022-07-19 16:54:07 UTC,650,14
2022-07-20 16:54:07 UTC,307,5
2022-07-21 16:54:07 UTC,542,0
2022-07-22 16:54:07 UTC,751,13
2022-07-23 16:54:07 UTC,374,13
2022-07-24 16:54:07 UTC,353,10
2022-07-25 16:54:07 UTC,119,15
2022-07-26 16:54:07 UTC,814,13
2022-07-27 16:54:07 UTC,315,2
2022-07-28 16:54:07 UTC,349,12
2022-07-29 16:54:07 UTC,292,13
2022-07-30 16:54:07 UTC,900,12
2022-07-31 16:54:07 UTC,688,11
2022-08-01 16:54:07 UTC,549,1
2022-08-02 16:54:07 UTC,830,14
2022-08-03 16:54:07 UTC,576,7
2022-08-04 16:54:07 UTC,463,11
2022-08-05 16:54:07 UTC,916,6
2022-08-06 16:54:07 UTC,283,6
2022-08-07 16:54:07 UTC,840,16
2022-08-08 16:54:07 UTC,561,6
2022-08-09 16:54:07 UTC,343,17
2022-08-10 16:54:07 UTC,698,17
2022-08-11 16:54:07 UTC,128,15
2022-08-12 16:54:07 UTC,795,13
2022-08-13 16:54:07 UTC,130,6
2022-08-14 16:54:07 UTC,738,14
2022-08-15 16:54:07 UTC,677,1
2022-08-16 16:54:07 UTC,791,4
2022-08-17 16:54:07 UTC,132,4
2022-08-18 16:54:07 UTC,979,20
2022-08-19 16:54:07 UTC,180,14
2022-08-20 16:54:07 UTC,893,7
2022-08-21 16:54:07 UTC,606,4
2022-08-22 16:54:07 UTC,580,20
2022-08-23 16:54:07 UTC,360,0
2022-08-24 16:54:07 UTC,965,17
2022-08-25 16:54:07 UTC,638,17
2022-08-26 16:54:07 UTC,836,16
2022-08-27 16:54:07 UTC,710,3
2022-08-28 16:54:07 UTC,726,4
2022-08-29 16:54:07 UTC,955,0
2022-08-30 16:54:07 UTC,488,19
2022-08-31 16:54:07 UTC,988,17
2022-09-01 16:54:07 UTC,391,7
2022-09-02 16:54:07 UTC,456,17
2022-09-03 16:54:07 UTC,811,7
2022-09-04 16:54:07 UTC,835,8
2022-09-05 16:54:07 UTC,454,3
2022-09-06 16:54:07 UTC,714,2
2022-09-07 16:54:07 UTC,585,19
2022-09-08 16:54:07 UTC,361,5
2022-09-09 16:54:07 UTC,740,12
2022-09-10 16:54:07 UTC,962,4
2022-09-11 16:54:07 UTC,311,13
2022-09-12 16:54:07 UTC,942,12
2022-09-13 16:54:07 UTC,617,19
2022-09-14 16:54:07 UTC,834,12
2022-09-15 16:54:07 UTC,745,1
2022-09-16 16:54:07 UTC,626,3
2022-09-17 16:54:07 UTC,427,0
2022-09-18 16:54:07 UTC,395,10
2022-09-19 16:54:07 UTC,938,12
2022-09-20 16:54:07 UTC,235,2
2022-09-21 16:54:07 UTC,576,15
2022-09-22 16:54:07 UTC,588,6
2022-09-23 16:54:07 UTC,847,3
2022-09-24 16:54:07 UTC,325,11
2022-09-25 16:54:07 UTC,313,15
2022-09-26 16:54:07 UTC,458,2
2022-09-27 16:54:07 UTC,107,3
2022-09-28 16:54:07 UTC,525,10
2022-09-29 16:54:07 UTC,515,16
2022-09-30 16:54:07 UTC,614,18
2022-10-01 16:54:07 UTC,566,3
2022-10-02 16:54:07 UTC,485,17
2022-10-03 16:54:07 UTC,807,19
2022-10-04 16:54:07 UTC,710,13
2022-10-05 16:54:07 UTC,945,17
2022-10-06 16:54:07 UTC,461,1
2022-10-07 16:54:07 UTC,447,0
2022-10-08 16:54:07 UTC,769,12
2022-10-09 16:54:07 UTC,760,19
2022-10-10 16:54:07 UTC,998,1
2022-10-11 16:54:07 UTC,584,4
2022-10-12 16:54:07 UTC,446,17
2022-10-13 16:54:07 UTC,265,0
2022-10-14 16:54:07 UTC,818,4
2022-10-15 16:54:07 UTC,360,16
2022-10-16 16:54:07 UTC,800,18
2022-10-17 16:54:07 UTC,290,0
2022-10-18 16:54:07 UTC,123,8
2022-10-19 16:54:07 UTC,562,2
2022-10-20 16:54:07 UTC,467,19
2022-10-21 16:54:07 UTC,965,16
2022-10-22 16:54:07 UTC,138,14
2022-10-23 16:54:07 UTC,578,14
2022-10-24 16:54:07 UTC,736,10
2022-10-25 16:54:07 UTC,232,2
2022-10-26 16:54:07 UTC,964,9
2022-10-27 16:54:07 UTC,904,9
2022-10-28 16:54:07 UTC,774,12
2022-10-29 16:54:07 UTC,293,6
2022-10-30 16:54:07 UTC,608,1
2022-10-31 16:54:07 UTC,405,20
2022-11-01 16:54:07 UTC,453,16
2022-11-02 16:54:07 UTC,409,6
2022-11-03 16:54:07 UTC,458,5
2022-11-04 16:54:07 UTC,132,13
2022-11-05 16:54:07 UTC,946,15
2022-11-06 16:54:07 UTC,903,10
2022-11-07 16:54:07 UTC,204,3
2022-11-08 16:54:07 UTC,428,7
2022-11-09 16:54:07 UTC,432,13
2022-11-10 16:54:07 UTC,363,4
2022-11-11 16:54:07 UTC,189,16
2022-11-12 16:54:07 UTC,342,4
2022-11-13 16:54:07 UTC,943,20
2022-11-14 16:54:07 UTC,430,8
2022-11-15 16:54:07 UTC,283,17
2022-11-16 16:54:07 UTC,552,4
2022-11-17 16:54:07 UTC,777,17
2022-11-18 16:54:07 UTC,488,6
2022-11-19 16:54:07 UTC,582,12
2022-11-20 16:54:07 UTC,740,9
2022-11-21 16:54:07 UTC,273,3
2022-11-22 16:54:07 UTC,686,19
2022-11-23 16:54:07 UTC,386,5
2022-11-24 16:54:07 UTC,637,4
2022-11-25 16:54:07 UTC,724,18
2022-11-26 16:54:07 UTC,559,10
2022-11-27 16:54:07 UTC,637,16
2022-11-28 16:54:07 UTC,983,13
2022-11-29 16:54:07 UTC,398,9
2022-11-30 16:54:07 UTC,234,17
2022-12-01 16:54:07 UTC,567,9
2022-12-02 16:54:07 UTC,748,20
2022-12-03 16:54:07 UTC,511,17
2022-12-04 16:54:07 UTC,154,2
2022-12-05 16:54:07 UTC,814,11
2022-12-06 16:54:07 UTC,611,6
2022-12-07 16:54:07 UTC,255,2
2022-12-08 16:54:07 UTC,199,10
2022-12-09 16:54:07 UTC,408,19
2022-12-10 16:54:07 UTC,388,16
2022-12-11 16:54:07 UTC,845,7
2022-12-12 16:54:07 UTC,160,4
2022-12-13 16:54:07 UTC,661,8
2022-12-14 16:54:07 UTC,571,12
2022-12-15 16:54:07 UTC,937,9
2022-12-16 16:54:07 UTC,404,3
2022-12-17 16:54:07 UTC,835,16
2022-12-18 16:54:07 UTC,985,8
2022-12-19 16:54:07 UTC,862,12
2022-12-20 16:54:07 UTC,676,14
2022-12-21 16:54:07 UTC,261,2
2022-12-22 16:54:07 UTC,730,6
2022-12-23 16:54:07 UTC,811,3
2022-12-24 16:54:07 UTC,517,18
2022-12-25 16:54:07 UTC,333,6
2022-12-26 16:54:07 UTC,706,4
2022-12-27 16:54:07 UTC,280,5
2022-12-28 16:54:07 UTC,136,0
2022-12-29 16:54:07 UTC,636,16
2022-12-30 16:54:07 UTC,984,17
2022-12-31 16:54:07 UTC,779,19
2023-01-01 16:54:07 UTC,506,2
2023-01-02 16:54:07 UTC,966,12
2023-01-03 16:54:07 UTC,319,2
2023-01-04 16:54:07 UTC,312,13
2023-01-05 16:54:07 UTC,450,11
2023-01-06 16:54:07 UTC,840,17
2023-01-07 16:54:07 UTC,486,12
2023-01-08 16:54:07 UTC,785,19
2023-01-09 16:54:07 UTC,964,5
2023-01-10 16:54:07 UTC,665,7
2023-01-11 16:54:07 UTC,164,17
2023-01-12 16:54:07 UTC,275,18
2023-01-13 16:54:07 UTC,747,8
2023-01-14 16:54:07 UTC,603,6
2023-01-15 16:54:07 UTC,555,16
2023-01-16 16:54:07 UTC,267,18
2023-01-17 16:54:07 UTC,681,1
2023-01-18 16:54:07 UTC,778,9
2023-01-19 16:54:07 UTC,451,7
2023-01-20 16:54:07 UTC,137,2
2023-01-21 16:54:07 UTC,288,20
2023-01-22 16:54:07 UTC,729,17
2023-01-23 16:54:07 UTC,406,8
2023-01-24 16:54:07 UTC,356,3
2023-01-25 16:54:07 UTC,130,13
2023-01-26 16:54:07 UTC,337,8
2023-01-27 16:54:07 UTC,260,3
2023-01-28 16:54:07 UTC,553,12
2023-01-29 16:54:07 UTC,459,19
2023-01-30 16:54:07 UTC,688,12
2023-01-31 16:54:07 UTC,797,10
2023-02-01 16:54:07 UTC,816,14
2023-02-02 16:54:07 UTC,265,11
2023-02-03 16:54:07 UTC,708,14
2023-02-04 16:54:07 UTC,972,9
2023-02-05 16:54:07 UTC,658,15
2023-02-06 16:54:07 UTC,438,18
2023-02-07 16:54:07 UTC,648,6
2023-02-08 16:54:07 UTC,148,19
2023-02-09 16:54:07 UTC,189,13
2023-02-10 16:54:07 UTC,938,8
2023-02-11 16:54:07 UTC,345,14
2023-02-12 16:54:07 UTC,463,8
2023-02-13 16:54:07 UTC,446,17
2023-02-14 16:54:07 UTC,120,10
2023-02-15 16:54:07 UTC,181,7
2023-02-16 16:54:07 UTC,334,6
2023-02-17 16:54:07 UTC,240,16
2023-02-18 16:54:07 UTC,477,16
2023-02-19 16:54:07 UTC,434,12
2023-02-20 16:54:07 UTC,801,15
2023-02-21 16:54:07 UTC,375,16
2023-02-22 16:54:07 UTC,438,7
2023-02-23 16:54:07 UTC,137,6
2023-02-24 16:54:07 UTC,517,16
2023-02-25 16:54:07 UTC,824,6
2023-02-26 16:54:07 UTC,686,4
2023-02-27 16:54:07 UTC,907,7
2023-02-28 16:54:07 UTC,748,8
2023-03-01 16:54:07 UTC,332,19
2023-03-02 16:54:07 UTC,667,5
2023-03-03 16:54:07 UTC,350,10
2023-03-04 16:54:07 UTC,941,1
2023-03-05 16:54:07 UTC,475,14
2023-03-06 16:54:07 UTC,840,16
2023-03-07 16:54:07 UTC,642,16
2023-03-08 16:54:07 UTC,409,6
2023-03-09 16:54:07 UTC,672,5
2023-03-10 16:54:07 UTC,758,15
2023-03-11 16:54:07 UTC,142,18
2023-03-12 16:54:07 UTC,766,5
2023-03-13 16:54:07 UTC,571,0
2023-03-14 16:54:07 UTC,723,9
2023-03-15 16:54:07 UTC,428,16
2023-03-16 16:54:07 UTC,183,1
2023-03-17 16:54:07 UTC,100,10
2023-03-18 16:54:07 UTC,322,19
2023-03-19 16:54:07 UTC,667,7
2023-03-20 16:54:07 UTC,996,7
2023-03-21 16:54:07 UTC,200,19
2023-03-22 16:54:07 UTC,424,9
2023-03-23 16:54:07 UTC,892,3
2023-03-24 16:54:07 UTC,569,14
2023-03-25 16:54:07 UTC,674,11
2023-03-26 16:54:07 UTC,550,16
2023-03-27 16:54:07 UTC,908,16
2023-03-28 16:54:07 UTC,874,11
2023-03-29 16:54:07 UTC,701,15
2023-03-30 16:54:07 UTC,292,10
2023-03-31 16:54:07 UTC,526,9
2023-04-01 16:54:07 UTC,235,3
2023-04-02 16:54:07 UTC,832,13
2023-04-03 16:54:07 UTC,192,10
2023-04-04 16:54:07 UTC,322,20
2023-04-05 16:54:07 UTC,196,8
2023-04-06 16:54:07 UTC,268,17
2023-04-07 16:54:07 UTC,208,9
2023-04-08 16:54:07 UTC,900,12
2023-04-09 16:54:07 UTC,109,6
2023-04-10 16:54:07 UTC,638,16
2023-04-11 16:54:07 UTC,976,6
2023-04-12 16:54:07 UTC,626,13
2023-04-13 16:54:07 UTC,886,4
2023-04-14 16:54:07 UTC,421,5
2023-04-15 16:54:07 UTC,876,4
2023-04-16 16:54:07 UTC,443,5
2023-04-17 16:54:07 UTC,455,5
2023-04-18 16:54:07 UTC,890,2
2023-04-19 16:54:07 UTC,327,16
2023-04-20 16:54:07 UTC,237,9
2023-04-21 16:54:07 UTC,365,3
2023-04-22 16:54:07 UTC,881,14
2023-04-23 16:54:07 UTC,517,16
2023-04-24 16:54:07 UTC,504,15
2023-04-25 16:54:07 UTC,523,19
2023-04-26 16:54:07 UTC,700,3
2023-04-27 16:54:07 UTC,518,19
2023-04-28 16:54:07 UTC,736,3
2023-04-29 16:54:07 UTC,935,11
2023-04-30 16:54:07 UTC,379,18
2023-05-01 16:54:07 UTC,917,9
2023-05-02 16:54:07 UTC,861,17
2023-05-03 16:54:07 UTC,268,8
2023-05-04 16:54:07 UTC,454,11
2023-05-05 16:54:07 UTC,330,14
2023-05-06 16:54:07 UTC,560,6
2023-05-07 16:54:07 UTC,728,17
2023-05-08 16:54:07 UTC,278,17
2023-05-09 16:54:07 UTC,333,20
2023-05-10 16:54:07 UTC,205,12
2023-05-11 16:54:07 UTC,842,15
2023-05-12 16:54:07 UTC,613,17
2023-05-13 16:54:07 UTC,559,15
2023-05-14 16:54:07 UTC,542,7
2023-05-15 16:54:07 UTC,916,0
2023-05-16 16:54:07 UTC,578,15
2023-05-17 16:54:07 UTC,526,0
2023-05-18 16:54:07 UTC,189,14
2023-05-19 16:54:07 UTC,378,8
2023-05-20 16:54:07 UTC,960,13
2023-05-21 16:54:07 UTC,809,17
2023-05-22 16:54:07 UTC,365,10
2023-05-23 16:54:07 UTC,515,5
2023-05-24 16:54:07 UTC,926,15
2023-05-25 16:54:07 UTC,700,0
2023-05-26 16:54:07 UTC,819,2
2023-05-27 16:54:07 UTC,990,9
2023-05-28 16:54:07 UTC,877,12
2023-05-29 16:54:07 UTC,320,8
2023-05-30 16:54:07 UTC,632,14
2023-05-31 16:54:07 UTC,444,0
2023-06-01 16:54:07 UTC,466,2
2023-06-02 16:54:07 UTC,324,0
2023-06-03 16:54:07 UTC,830,19
2023-06-04 16:54:07 UTC,610,15
2023-06-05 16:54:07 UTC,336,5
2023-06-06 16:54:07 UTC,227,7
2023-06-07 16:54:07 UTC,429,15
2023-06-08 16:54:07 UTC,604,2
2023-06-09 16:54:07 UTC,900,14
2023-06-10 16:54:07 UTC,823,19
2023-06-11 16:54:07 UTC,379,19
2023-06-12 16:54:07 UTC,580,15
2023-06-13 16:54:07 UTC,689,17
2023-06-14 16:54:07 UTC,291,6
2023-06-15 16:54:07 UTC,511,9
2023-06-16 16:54:07 UTC,257,8
2023-06-17 16:54:07 UTC,882,10
2023-06-18 16:54:07 UTC,181,16
2023-06-19 16:54:07 UTC,638,20
2023-06-20 16:54:07 UTC,897,18
2023-06-21 16:54:07 UTC,595,18
2023-06-22 16:54:07 UTC,889,1
2023-06-23 16:54:07 UTC,439,6
2023-06-24 16:54:07 UTC,423,14
2023-06-25 16:54:07 UTC,285,19
2023-06-26 16:54:07 UTC,241,17
2023-06-27 16:54:07 UTC,898,17
2023-06-28 16:54:07 UTC,931,17
2023-06-29 16:54:07 UTC,385,9
2023-06-30 16:54:07 UTC,602,1
2023-07-01 16:54:07 UTC,619,16
2023-07-02 16:54:07 UTC,356,4
2023-07-03 16:54:07 UTC,501,18
2023-07-04 16:54:07 UTC,645,8
2023-07-05 16:54:07 UTC,542,5
2023-07-06 16:54:07 UTC,441,10
2023-07-07 16:54:07 UTC,183,5
2023-07-08 16:54:07 UTC,223,18
2023-07-09 16:54:07 UTC,979,7
2023-07-10 16:54:07 UTC,751,11
2023-07-11 16:54:07 UTC,400,6
2023-07-12 16:54:07 UTC,127,8
2023-07-13 16:54:07 UTC,934,9
2023-07-14 16:54:07 UTC,810,5
2023-07-15 16:54:07 UTC,750,6
2023-07-16 16:54:07 UTC,178,11
2023-07-17 16:54:07 UTC,841,20
2023-07-18 16:54:07 UTC,708,1
2023-07-19 16:54:07 UTC,807,14
2023-07-20 16:54:07 UTC,218,11
2023-07-21 16:54:07 UTC,816,13
2023-07-22 16:54:07 UTC,429,7
2023-07-23 16:54:07 UTC,342,12
2023-07-24 16:54:07 UTC,421,12
2023-07-25 16:54:07 UTC,175,7
2023-07-26 16:54:07 UTC,530,15
2023-07-27 16:54:07 UTC,610,8
2023-07-28 16:54:07 UTC,118,7
2023-07-29 16:54:07 UTC,690,10
2023-07-30 16:54:07 UTC,185,5
2023-07-31 16:54:07 UTC,947,20
2023-08-01 16:54:07 UTC,269,7
2023-08-02 16:54:07 UTC,398,11
2023-08-03 16:54:07 UTC,458,17
2023-08-04 16:54:07 UTC,629,17
2023-08-05 16:54:07 UTC,443,3
2023-08-06 16:54:07 UTC,560,11
2023-08-07 16:54:07 UTC,443,5
2023-08-08 16:54:07 UTC,300,16
2023-08-09 16:54:07 UTC,721,0
2023-08-10 16:54:07 UTC,370,15
2023-08-11 16:54:07 UTC,182,13
2023-08-12 16:54:07 UTC,199,17
2023-08-13 16:54:07 UTC,565,4
2023-08-14 16:54:07 UTC,377,6
2023-08-15 16:54:07 UTC,231,20
2023-08-16 16:54:07 UTC,529,18
2023-08-17 16:54:07 UTC,857,20
2023-08-18 16:54:07 UTC,954,15
2023-08-19 16:54:07 UTC,782,10
2023-08-20 16:54:07 UTC,166,18
2023-08-21 16:54:07 UTC,938,7
2023-08-22 16:54:07 UTC,397,15
2023-08-23 16:54:07 UTC,222,19
2023-08-24 16:54:07 UTC,685,14
2023-08-25 16:54:07 UTC,779,19
2023-08-26 16:54:07 UTC,853,3
2023-08-27 16:54:07 UTC,456,18
2023-08-28 16:54:07 UTC,285,20
2023-08-29 16:54:07 UTC,778,4
2023-08-30 16:54:07 UTC,537,13
2023-08-31 16:54:07 UTC,232,2
2023-09-01 16:54:07 UTC,298,6
2023-09-02 16:54:07 UTC,887,0
2023-09-03 16:54:07 UTC,360,11
2023-09-04 16:54:07 UTC,727,3
2023-09-05 16:54:07 UTC,928,8
2023-09-06 16:54:07 UTC,241,18
2023-09-07 16:54:07 UTC,169,1
2023-09-08 16:54:07 UTC,714,13
2023-09-09 16:54:07 UTC,451,14
2023-09-10 16:54:07 UTC,232,14
2023-09-11 16:54:07 UTC,780,19
2023-09-12 16:54:07 UTC,694,5
2023-09-13 16:54:07 UTC,831,8
2023-09-14 16:54:07 UTC,460,10
2023-09-15 16:54:07 UTC,170,0
2023-09-16 16:54:07 UTC,893,15
2023-09-17 16:54:07 UTC,332,4
2023-09-18 16:54:07 UTC,929,17
2023-09-19 16:54:07 UTC,324,12
2023-09-20 16:54:07 UTC,747,3
2023-09-21 16:54:07 UTC,474,2
2023-09-22 16:54:07 UTC,975,6
2023-09-23 16:54:07 UTC,707,14
2023-09-24 16:54:07 UTC,280,1
2023-09-25 16:54:07 UTC,520,15
2023-09-26 16:54:07 UTC,540,20
2023-09-27 16:54:07 UTC,462,20
2023-09-28 16:54:07 UTC,283,16
2023-09-29 16:54:07 UTC,607,9
2023-09-30 16:54:07 UTC,126,8
2023-10-01 16:54:07 UTC,407,0
2023-10-02 16:54:07 UTC,274,6
2023-10-03 16:54:07 UTC,254,20
2023-10-04 16:54:07 UTC,820,12
2023-10-05 16:54:07 UTC,403,10
2023-10-06 16:54:07 UTC,714,8
2023-10-07 16:54:07 UTC,141,3
2023-10-08 16:54:07 UTC,318,2
2023-10-09 16:54:07 UTC,270,8
2023-10-10 16:54:07 UTC,499,7
2023-10-11 16:54:07 UTC,483,3
2023-10-12 16:54:07 UTC,858,7
2023-10-13 16:54:07 UTC,537,4
2023-10-14 16:54:07 UTC,461,7
2023-10-15 16:54:07 UTC,672,10
2023-10-16 16:54:07 UTC,842,11
2023-10-17 16:54:07 UTC,243,14
2023-10-18 16:54:07 UTC,130,6
2023-10-19 16:54:07 UTC,613,4
2023-10-20 16:54:07 UTC,955,5
2023-10-21 16:54:07 UTC,277,7
2023-10-22 16:54:07 UTC,216,3
2023-10-23 16:54:07 UTC,189,14
2023-10-24 16:54:07 UTC,507,12
2023-10-25 16:54:07 UTC,444,1
2023-10-26 16:54:07 UTC,390,7
2023-10-27 16:54:07 UTC,732,17
2023-10-28 16:54:07 UTC,711,0
2023-10-29 16:54:07 UTC,738,17
2023-10-30 16:54:07 UTC,358,14
2023-10-31 16:54:07 UTC,958,14
2023-11-01 16:54:07 UTC,733,18
2023-11-02 16:54:07 UTC,153,5
2023-11-03 16:54:07 UTC,770,3
2023-11-04 16:54:07 UTC,704,16
2023-11-05 16:54:07 UTC,685,4
2023-11-06 16:54:07 UTC,936,12
2023-11-07 16:54:07 UTC,377,15
2023-11-08 16:54:07 UTC,334,2
2023-11-09 16:54:07 UTC,521,12
2023-11-10 16:54:07 UTC,782,10
2023-11-11 16:54:07 UTC,719,13
2023-11-12 16:54:07 UTC,391,7
2023-11-13 16:54:07 UTC,551,3
2023-11-14 16:54:07 UTC,128,4
2023-11-15 16:54:07 UTC,786,1
2023-11-16 16:54:07 UTC,797,2
2023-11-17 16:54:07 UTC,545,6
2023-11-18 16:54:07 UTC,392,13
2023-11-19 16:54:07 UTC,933,9
2023-11-20 16:54:07 UTC,415,18
2023-11-21 16:54:07 UTC,903,7
2023-11-22 16:54:07 UTC,220,1
2023-11-23 16:54:07 UTC,761,9
2023-11-24 16:54:07 UTC,817,2
2023-11-25 16:54:07 UTC,378,16
2023-11-26 16:54:07 UTC,789,13
2023-11-27 16:54:07 UTC,672,17
2023-11-28 16:54:07 UTC,552,5
2023-11-29 16:54:07 UTC,146,11
2023-11-30 16:54:07 UTC,979,18
2023-12-01 16:54:07 UTC,975,5
2023-12-02 16:54:07 UTC,373,9
2023-12-03 16:54:07 UTC,839,15
2023-12-04 16:54:07 UTC,517,20
2023-12-05 16:54:07 UTC,628,5
2023-12-06 16:54:07 UTC,526,13
2023-12-07 16:54:07 UTC,914,5
2023-12-08 16:54:07 UTC,381,5
2023-12-09 16:54:07 UTC,847,12
2023-12-10 16:54:07 UTC,527,12
2023-12-11 16:54:07 UTC,964,4
2023-12-12 16:54:07 UTC,521,5
2023-12-13 16:54:07 UTC,732,2
2023-12-14 16:54:07 UTC,909,5
2023-12-15 16:54:07 UTC,333,0
2023-12-16 16:54:07 UTC,292,15
2023-12-17 16:54:07 UTC,516,3
2023-12-18 16:54:07 UTC,560,13
2023-12-19 16:54:07 UTC,922,7
2023-12-20 16:54:07 UTC,776,11
2023-12-21 16:54:07 UTC,385,20
2023-12-22 16:54:07 UTC,256,9
2023-12-23 16:54:07 UTC,806,1
2023-12-24 16:54:07 UTC,170,2
2023-12-25 16:54:07 UTC,765,8
2023-12-26 16:54:07 UTC,453,10
2023-12-27 16:54:07 UTC,597,15
2023-12-28 16:54:07 UTC,551,20
2023-12-29 16:54:07 UTC,254,17
2023-12-30 16:54:07 UTC,905,9
2023-12-31 16:54:07 UTC,287,15
2024-01-01 16:54:07 UTC,646,16
2024-01-02 16:54:07 UTC,507,9
2024-01-03 16:54:07 UTC,708,19
2024-01-04 16:54:07 UTC,359,7
2024-01-05 16:54:07 UTC,826,4
2024-01-06 16:54:07 UTC,434,2
2024-01-07 16:54:07 UTC,112,18
2024-01-08 16:54:07 UTC,629,12
2024-01-09 16:54:07 UTC,475,7
2024-01-10 16:54:07 UTC,461,19
2024-01-11 16:54:07 UTC,859,20
2024-01-12 16:54:07 UTC,151,1
2024-01-13 16:54:07 UTC,115,3
2024-01-14 16:54:07 UTC,319,7
2024-01-15 16:54:07 UTC,194,2
2024-01-16 16:54:07 UTC,982,3
2024-01-17 16:54:07 UTC,269,15
2024-01-18 16:54:07 UTC,692,5
2024-01-19 16:54:07 UTC,428,6
2024-01-20 16:54:07 UTC,864,7
2024-01-21 16:54:07 UTC,703,9
2024-01-22 16:54:07 UTC,703,6
2024-01-23 16:54:07 UTC,824,8
2024-01-24 16:54:07 UTC,509,2
2024-01-25 16:54:07 UTC,420,6
2024-01-26 16:54:07 UTC,905,16
2024-01-27 16:54:07 UTC,955,13
2024-01-28 16:54:07 UTC,209,4
2024-01-29 16:54:07 UTC,378,20
2024-01-30 16:54:07 UTC,349,6
2024-01-31 16:54:07 UTC,786,5
2024-02-01 16:54:07 UTC,325,8
2024-02-02 16:54:07 UTC,548,11
2024-02-03 16:54:07 UTC,850,7
2024-02-04 16:54:07 UTC,496,6
2024-02-05 16:54:07 UTC,916,18
2024-02-06 16:54:07 UTC,725,16
2024-02-07 16:54:07 UTC,137,15
2024-02-08 16:54:07 UTC,741,17
2024-02-09 16:54:07 UTC,674,20
2024-02-10 16:54:07 UTC,400,17
2024-02-11 16:54:07 UTC,100,12
2024-02-12 16:54:07 UTC,159,6
2024-02-13 16:54:07 UTC,947,6
2024-02-14 16:54:07 UTC,311,6
2024-02-15 16:54:07 UTC,379,12
2024-02-16 16:54:07 UTC,970,16
2024-02-17 16:54:07 UTC,853,13
2024-02-18 16:54:07 UTC,925,8
2024-02-19 16:54:07 UTC,726,15
2024-02-20 16:54:07 UTC,708,14
2024-02-21 16:54:07 UTC,725,13
2024-02-22 16:54:07 UTC,598,5
2024-02-23 16:54:07 UTC,363,7
2024-02-24 16:54:07 UTC,543,12
2024-02-25 16:54:07 UTC,427,7
2024-02-26 16:54:07 UTC,949,17
2024-02-27 16:54:07 UTC,404,17
2024-02-28 16:54:07 UTC,908,16
2024-02-29 16:54:07 UTC,413,10
2024-03-01 16:54:07 UTC,818,5
2024-03-02 16:54:07 UTC,492,19
2024-03-03 16:54:07 UTC,868,13
2024-03-04 16:54:07 UTC,782,11
2024-03-05 16:54:07 UTC,706,14
2024-03-06 16:54:07 UTC,352,15
2024-03-07 16:54:07 UTC,281,4
2024-03-08 16:54:07 UTC,576,13
2024-03-09 16:54:07 UTC,557,19
2024-03-10 16:54:07 UTC,965,14
2024-03-11 16:54:07 UTC,697,9
2024-03-12 16:54:07 UTC,792,18
2024-03-13 16:54:07 UTC,240,6
2024-03-14 16:54:07 UTC,396,16
2024-03-15 16:54:07 UTC,546,5
2024-03-16 16:54:07 UTC,850,20
2024-03-17 16:54:07 UTC,916,9
2024-03-18 16:54:07 UTC,727,7
2024-03-19 16:54:07 UTC,299,19
2024-03-20 16:54:07 UTC,156,12
2024-03-21 16:54:07 UTC,253,19
2024-03-22 16:54:07 UTC,638,0
2024-03-23 16:54:07 UTC,509,4
2024-03-24 16:54:07 UTC,349,19
2024-03-25 16:54:07 UTC,144,15
2024-03-26 16:54:07 UTC,786,9
2024-03-27 16:54:07 UTC,532,7
2024-03-28 16:54:07 UTC,699,5
2024-03-29 16:54:07 UTC,129,5
2024-03-30 16:54:07 UTC,318,14
2024-03-31 16:54:07 UTC,576,2
2024-04-01 16:54:07 UTC,964,14
2024-04-02 16:54:07 UTC,825,16
